{"organisation":"TUA_PHIDU","name":"lga11_prematuremortality","title":"LGA11 Premature Mortality","legal":{"copyrightYear":"2014","attributionYear":"2014","attribution":"{datasource.organisationTitle}, ({dataset.attributionYear}): {dataset.title}; accessed from AURIN Portal on {dateOfAccess}.","clickthrough":false,"licenceType":"Creative Commons Attribution-NonCommercial-ShareAlike 3.0 Australia (CC BY-NC-SA 3.0 AU)","copyrightNotice":"&copy; {datasource.organisationTitle} {dataset.copyrightYear}"},"referenceSystemIdentifier":"urn:x-ogc:def:crs:EPSG:4283","geoLevel":"lga2011","key":"area_code","keyRegex":null,"availability":null,"geomField":"the_geom","keyword":"deaths, mortality, premature mortality, breast cancer, cancer, cerebrovascular, circulatory system, colorectal cancer, copd, chronic obstructive pulmonary disease, diabetes, external causes, ischaemic heart disease, lung cancer, respiratory system disease, road traffic injuries, gender, suicide, health, population, demographic,","theme":null,"temporalExtent":null,"type":"dataset","_id":null,"bbox":null,"abstract":"Premature mortality by selected causes and sex by LGA 2011, from 2008 to 2012.","selectedAttributes":[{"name":"area_code","type":"java.lang.Integer","title":"Local Government Area Code","description":"Local Government Area code (2011)","stype":"nominal","isDimension":false},{"name":"dth_dia_0_74_1_no_1_08_12_12","type":"java.lang.Double","title":"Deaths from Diabetes - 0 to 74 Years - Count","description":"Deaths from diabetes, 0 to 74 years - Count. Source: Data produced by PHIDU from deaths data supplied by ABS on behalf of State and Territory Registrars of deaths for 2008 to 2012 and ABS Estimated Resident Population, 30 June 2008 to 2012","stype":"ratio","isDimension":false},{"name":"dth_dia_0_74_2_rate_1_08_12_12","type":"java.lang.Double","title":"Deaths from Diabetes - 0 to 74 Years - Rate per 100000","description":"Deaths from diabetes, 0 to 74 years - average annual rate per 100000. Source: Data produced by PHIDU from deaths data supplied by ABS on behalf of State and Territory Registrars of deaths for 2008 to 2012 and ABS Estimated Resident Population, 30 June 2008 to 2012","stype":"ratio","isDimension":false},{"name":"dths_isch_0_74_1_no_1_08_12_12","type":"java.lang.Double","title":"Deaths from Ischaemic Heart Disease - 0 to 74 Years - Count","description":"Deaths from ischaemic heart disease, 0 to 74 years - Count. Source: Data produced by PHIDU from deaths data supplied by ABS on behalf of State and Territory Registrars of deaths for 2008 to 2012 and ABS Estimated Resident Population, 30 June 2008 to 2012","stype":"ratio","isDimension":false},{"name":"dths_isch_0_74_2_rate_1_08_12_12","type":"java.lang.Double","title":"Deaths from Ischaemic Heart Disease - 0 to 74 Years - Rate per 100000","description":"Deaths from ischaemic heart disease, 0 to 74 years - average annual rate per 100000. Source: Data produced by PHIDU from deaths data supplied by ABS on behalf of State and Territory Registrars of deaths for 2008 to 2012 and ABS Estimated Resident Population, 30 June 2008 to 2012","stype":"ratio","isDimension":false},{"name":"dths_tot_0_74_1_no_1_08_12_12","type":"java.lang.Double","title":"Total Deaths - 0 to 74 Years - Count","description":"Total deaths, 0 to 74 years. Source: Data produced by PHIDU from deaths data supplied by ABS on behalf of State and Territory Registrars of deaths for 2008 to 2012 and ABS Estimated Resident Population, 30 June 2008 to 2012","stype":"ratio","isDimension":false},{"name":"dths_tot_0_74_2_rate_1_08_12_12","type":"java.lang.Double","title":"Total Deaths - 0 to 74 Years - Rate per 100000","description":"Total deaths, 0 to 74 years - average annual rate per 100000. Source: Data produced by PHIDU from deaths data supplied by ABS on behalf of State and Territory Registrars of deaths for 2008 to 2012 and ABS Estimated Resident Population, 30 June 2008 to 2012","stype":"ratio","isDimension":false},{"name":"feature_code","type":"java.lang.String","title":"Code of Geographic feature","stype":"Nominal","description":"","isDimension":false},{"name":"feature_name","type":"java.lang.String","title":"Name of Geographic feature","stype":"Nominal","description":"","isDimension":false},{"name":"the_geom","type":"com.vividsolutions.jts.geom.MultiPolygon","title":"Geometry","stype":"Nominal","description":"","isDimension":false}],"filter":null}